<?xml version="1.0" encoding="UTF-8"?>
<!DOCTYPE suite SYSTEM "https://testng.org/testng-1.0.dtd">
<suite name="Suite" >

	<listeners>
		<listener class-name="testRunner.Listeners"></listener>
	</listeners>

	<test name="Validate Home Page">
		<classes>
			<class name="testRunner.HomePage" />
		</classes>
	</test>

	<test name="Validate Login Page">
		<classes>
			<class name="testRunner.validateLogin" />
		</classes>
	</test>

	<test name="Validate Forgot User Page">
		<classes>
			<class name="testRunner.validateForgotUserPage" />
		</classes>
	</test>
</suite> <!-- Suite -->
